Date,Ticker,Price
2026-01-31,COMI,80.5
2026-01-31,FWRY,8.4
2026-01-31,GOLD21,3600
2026-01-31,GOLD24,4110.0
2026-02-28,COMI,82.4
2026-02-28,FWRY,8.62
2026-02-28,AZMM,120.6
2026-02-28,GOLD21,3680
2026-02-28,GOLD24,4210.0
2026-03-31,COMI,84.1
2026-03-31,FWRY,8.9
2026-03-31,AZMM,121.7
2026-03-31,GOLD21,3800
2026-03-31,GOLD24,4340.0
2026-04-30,COMI,83.0
2026-04-30,FWRY,9.1
2026-04-30,AZMM,122.8
2026-04-30,GOLD21,3950
2026-04-30,GOLD24,4510.0
2026-05-31,COMI,86.2
2026-05-31,FWRY,9.02
2026-05-31,TMGH,62.0
2026-05-31,AZMM,125.2
2026-05-31,GOLD21,3900
2026-05-31,GOLD24,4460.0
2026-06-30,COMI,88.0
2026-06-30,FWRY,9.31
2026-06-30,TMGH,64.1
2026-06-30,AZMM,126.3
2026-06-30,GOLD21,4050
2026-06-30,GOLD24,4630.0
2026-07-31,COMI,87.1
2026-07-31,FWRY,9.6
2026-07-31,TMGH,61.5
2026-07-31,AZMM,127.4
2026-07-31,GOLD21,4200
2026-07-31,GOLD24,4800.0
2026-08-31,COMI,90.4
2026-08-31,FWRY,9.44
2026-08-31,TMGH,66.0
2026-08-31,AZMM,128.6
2026-08-31,GOLD21,4350
2026-08-31,GOLD24,4970.0
2026-09-30,COMI,92.0
2026-09-30,FWRY,9.8
2026-09-30,TMGH,68.2
2026-09-30,AZMM,129.7
2026-09-30,GOLD21,4650
2026-09-30,GOLD24,5310.0
