Date,Amount,Counterparty,Category,Notes
2026-01-05,-163.00,Koshary El Tahrir,Personal › Eating Out,
2026-01-07,-90.00,Microbus,Personal › Transportation,
2026-01-09,-498.00,Souq El Obour,Personal › Food & Groceries,Fruit and vegetables
2026-01-11,-76.00,Microbus,Personal › Transportation,
2026-01-14,-178.00,Koshary El Tahrir,Personal › Eating Out,
2026-01-16,-75.00,Microbus,Personal › Transportation,
2026-01-19,-122.00,Kiosk,Personal › Food & Groceries,
2026-01-21,-150.00,Barber,Personal › Other Personal,
2026-01-24,-203.00,Koshary El Tahrir,Personal › Eating Out,
2026-01-26,-86.00,Microbus,Personal › Transportation,
2026-01-28,-200.00,Bawab,Personal › Gifts & Donations,Building doorman
2026-02-05,-164.00,Koshary El Tahrir,Personal › Eating Out,
2026-02-07,-68.00,Microbus,Personal › Transportation,
2026-02-09,-473.00,Souq El Obour,Personal › Food & Groceries,Fruit and vegetables
2026-02-11,-40.00,Microbus,Personal › Transportation,
2026-02-14,-186.00,Koshary El Tahrir,Personal › Eating Out,
2026-02-16,-83.00,Microbus,Personal › Transportation,
2026-02-19,-100.00,Kiosk,Personal › Food & Groceries,
2026-02-21,-150.00,Barber,Personal › Other Personal,
2026-02-24,-162.00,Koshary El Tahrir,Personal › Eating Out,
2026-02-26,-71.00,Microbus,Personal › Transportation,
2026-02-28,-200.00,Bawab,Personal › Gifts & Donations,Building doorman
2026-03-05,-215.00,Koshary El Tahrir,Personal › Eating Out,
2026-03-07,-45.00,Microbus,Personal › Transportation,
2026-03-09,-373.00,Souq El Obour,Personal › Food & Groceries,Fruit and vegetables
2026-03-11,-75.00,Microbus,Personal › Transportation,
2026-03-14,-159.00,Koshary El Tahrir,Personal › Eating Out,
2026-03-16,-74.00,Microbus,Personal › Transportation,
2026-03-19,-118.00,Kiosk,Personal › Food & Groceries,
2026-03-20,-2000.00,Eidiya,Personal › Gifts & Donations,Eid al-Fitr
2026-03-21,-150.00,Barber,Personal › Other Personal,
2026-03-21,1000.00,Uncle Hassan,Personal › Gifts Received,Eidiya
2026-03-24,-193.00,Koshary El Tahrir,Personal › Eating Out,
2026-03-26,-58.00,Microbus,Personal › Transportation,
2026-03-28,-200.00,Bawab,Personal › Gifts & Donations,Building doorman
2026-04-05,-196.00,Koshary El Tahrir,Personal › Eating Out,
2026-04-07,-45.00,Microbus,Personal › Transportation,
2026-04-09,-427.00,Souq El Obour,Personal › Food & Groceries,Fruit and vegetables
2026-04-11,-65.00,Microbus,Personal › Transportation,
2026-04-14,-209.00,Koshary El Tahrir,Personal › Eating Out,
2026-04-16,-77.00,Microbus,Personal › Transportation,
2026-04-19,-74.00,Kiosk,Personal › Food & Groceries,
2026-04-21,-150.00,Barber,Personal › Other Personal,
2026-04-24,-204.00,Koshary El Tahrir,Personal › Eating Out,
2026-04-26,-75.00,Microbus,Personal › Transportation,
2026-04-28,-200.00,Bawab,Personal › Gifts & Donations,Building doorman
2026-05-05,-203.00,Koshary El Tahrir,Personal › Eating Out,
2026-05-07,-73.00,Microbus,Personal › Transportation,
2026-05-09,-496.00,Souq El Obour,Personal › Food & Groceries,Fruit and vegetables
2026-05-11,-41.00,Microbus,Personal › Transportation,
2026-05-14,-211.00,Koshary El Tahrir,Personal › Eating Out,
2026-05-16,-76.00,Microbus,Personal › Transportation,
2026-05-19,-76.00,Kiosk,Personal › Food & Groceries,
2026-05-21,-150.00,Barber,Personal › Other Personal,
2026-05-24,-215.00,Koshary El Tahrir,Personal › Eating Out,
2026-05-26,-54.00,Microbus,Personal › Transportation,
2026-05-27,-1500.00,Eidiya,Personal › Gifts & Donations,Eid al-Adha
2026-05-28,-200.00,Bawab,Personal › Gifts & Donations,Building doorman
2026-06-05,-179.00,Koshary El Tahrir,Personal › Eating Out,
2026-06-07,-83.00,Microbus,Personal › Transportation,
2026-06-09,-364.00,Souq El Obour,Personal › Food & Groceries,Fruit and vegetables
2026-06-11,-70.00,Microbus,Personal › Transportation,
2026-06-14,-165.00,Koshary El Tahrir,Personal › Eating Out,
2026-06-16,-85.00,Microbus,Personal › Transportation,
2026-06-19,-131.00,Kiosk,Personal › Food & Groceries,
2026-06-21,-150.00,Barber,Personal › Other Personal,
2026-06-24,-208.00,Koshary El Tahrir,Personal › Eating Out,
2026-06-26,-74.00,Microbus,Personal › Transportation,
2026-06-28,-200.00,Bawab,Personal › Gifts & Donations,Building doorman
2026-07-05,-211.00,Koshary El Tahrir,Personal › Eating Out,
2026-07-07,-52.00,Microbus,Personal › Transportation,
2026-07-09,-308.00,Souq El Obour,Personal › Food & Groceries,Fruit and vegetables
2026-07-11,-58.00,Microbus,Personal › Transportation,
2026-07-14,-201.00,Koshary El Tahrir,Personal › Eating Out,
2026-07-16,-57.00,Microbus,Personal › Transportation,
2026-07-19,-79.00,Kiosk,Personal › Food & Groceries,
2026-07-21,-150.00,Barber,Personal › Other Personal,
2026-07-24,-205.00,Koshary El Tahrir,Personal › Eating Out,
2026-07-26,-40.00,Microbus,Personal › Transportation,
2026-07-28,-200.00,Bawab,Personal › Gifts & Donations,Building doorman
2026-08-05,-175.00,Koshary El Tahrir,Personal › Eating Out,
2026-08-07,-69.00,Microbus,Personal › Transportation,
2026-08-09,-411.00,Souq El Obour,Personal › Food & Groceries,Fruit and vegetables
2026-08-11,-72.00,Microbus,Personal › Transportation,
2026-08-14,-183.00,Koshary El Tahrir,Personal › Eating Out,
2026-08-16,-89.00,Microbus,Personal › Transportation,
2026-08-19,-131.00,Kiosk,Personal › Food & Groceries,
2026-08-21,-150.00,Barber,Personal › Other Personal,
2026-08-24,-212.00,Koshary El Tahrir,Personal › Eating Out,
2026-08-26,-71.00,Microbus,Personal › Transportation,
2026-08-28,-200.00,Bawab,Personal › Gifts & Donations,Building doorman
2026-09-05,-215.00,Koshary El Tahrir,Personal › Eating Out,
2026-09-07,-51.00,Microbus,Personal › Transportation,
2026-09-09,-316.00,Souq El Obour,Personal › Food & Groceries,Fruit and vegetables
2026-09-11,-67.00,Microbus,Personal › Transportation,
2026-09-14,-183.00,Koshary El Tahrir,Personal › Eating Out,
2026-09-16,-86.00,Microbus,Personal › Transportation,
2026-09-19,-143.00,Kiosk,Personal › Food & Groceries,
2026-09-21,-150.00,Barber,Personal › Other Personal,
2026-09-24,-207.00,Koshary El Tahrir,Personal › Eating Out,
2026-09-26,-70.00,Microbus,Personal › Transportation,
2026-09-28,-200.00,Bawab,Personal › Gifts & Donations,Building doorman
