ticker,name,kind,class_code,source,source_url,catalogue_date
AALR,General Co. for Land Reclamation Development & Reconstruction,Stocks,STOCK,TradingView EGX scanner,https://scanner.tradingview.com/egypt/scan,2026-09-25
ABUK,Abou Kir Fertilizers & Chemical Industries Co.,Stocks,STOCK,TradingView EGX scanner,https://scanner.tradingview.com/egypt/scan,2026-09-25
ACAMD,Arab Co. for Asset Management & Development,Stocks,STOCK,TradingView EGX scanner,https://scanner.tradingview.com/egypt/scan,2026-09-25
ACAP,A Capital Holding,Stocks,STOCK,TradingView EGX scanner,https://scanner.tradingview.com/egypt/scan,2026-09-25
ACFR,Alexandria Company For Refractories,Stocks,STOCK,TradingView EGX scanner,https://scanner.tradingview.com/egypt/scan,2026-09-25
ACGC,Arab Cotton Ginning Co.,Stocks,STOCK,TradingView EGX scanner,https://scanner.tradingview.com/egypt/scan,2026-09-25
ACTF,Act Financial,Stocks,STOCK,TradingView EGX scanner,https://scanner.tradingview.com/egypt/scan,2026-09-25
ADCI,Arab Pharmaceuticals,Stocks,STOCK,TradingView EGX scanner,https://scanner.tradingview.com/egypt/scan,2026-09-25
ADIB,Abu Dhabi Islamic Bank-Egypt,Stocks,STOCK,TradingView EGX scanner,https://scanner.tradingview.com/egypt/scan,2026-09-25
ADPC,Arab Dairy Products Co. Arab Dairy - Panda,Stocks,STOCK,TradingView EGX scanner,https://scanner.tradingview.com/egypt/scan,2026-09-25
ADRI,Arab Development & Real Estate Investment,Stocks,STOCK,TradingView EGX scanner,https://scanner.tradingview.com/egypt/scan,2026-09-25
AFDI,Alahly For Development & Investment,Stocks,STOCK,TradingView EGX scanner,https://scanner.tradingview.com/egypt/scan,2026-09-25
AFMC,Alexandria Flour Mills Co.,Stocks,STOCK,TradingView EGX scanner,https://scanner.tradingview.com/egypt/scan,2026-09-25
AIDC,Arabia for Investment and Development,Stocks,STOCK,TradingView EGX scanner,https://scanner.tradingview.com/egypt/scan,2026-09-25
AIFI,Atlas for Investment & Food Industries SAE,Stocks,STOCK,TradingView EGX scanner,https://scanner.tradingview.com/egypt/scan,2026-09-25
AIH,Arabia Investments Holding SAE,Stocks,STOCK,TradingView EGX scanner,https://scanner.tradingview.com/egypt/scan,2026-09-25
AJWA,Ajwa for Food Industries Co. Egypt,Stocks,STOCK,TradingView EGX scanner,https://scanner.tradingview.com/egypt/scan,2026-09-25
ALCN,Alexandria Containers & Goods,Stocks,STOCK,TradingView EGX scanner,https://scanner.tradingview.com/egypt/scan,2026-09-25
ALEX,Alexandria Cement Co.,Stocks,STOCK,TradingView EGX scanner,https://scanner.tradingview.com/egypt/scan,2026-09-25
ALUM,Arab Aluminum Co. SAE,Stocks,STOCK,TradingView EGX scanner,https://scanner.tradingview.com/egypt/scan,2026-09-25
ALXD,Alexandria For Investment and Urban Development,Stocks,STOCK,TradingView EGX scanner,https://scanner.tradingview.com/egypt/scan,2026-09-25
AMER,Amer Group Holding,Stocks,STOCK,TradingView EGX scanner,https://scanner.tradingview.com/egypt/scan,2026-09-25
AMES,Alexandria New Medical Center Co.,Stocks,STOCK,TradingView EGX scanner,https://scanner.tradingview.com/egypt/scan,2026-09-25
AMIA,Arab Moltaqa Investments Company,Stocks,STOCK,TradingView EGX scanner,https://scanner.tradingview.com/egypt/scan,2026-09-25
AMII,Arabian Metal Industries and Industrial Investments,Stocks,STOCK,TradingView EGX scanner,https://scanner.tradingview.com/egypt/scan,2026-09-25
AMOC,Alexandria Mineral Oils Co.,Stocks,STOCK,TradingView EGX scanner,https://scanner.tradingview.com/egypt/scan,2026-09-25
AMPI,AL Moasher Pay for Electronic Payment and Collection (S.A.E),Stocks,STOCK,TradingView EGX scanner,https://scanner.tradingview.com/egypt/scan,2026-09-25
ANCC,ALNAHDA Industrial Co.,Stocks,STOCK,TradingView EGX scanner,https://scanner.tradingview.com/egypt/scan,2026-09-25
APPC,Advanced Pharmaceutical Packaging Co.,Stocks,STOCK,TradingView EGX scanner,https://scanner.tradingview.com/egypt/scan,2026-09-25
APSW,Arab Polvara Spinning & Weaving Co.,Stocks,STOCK,TradingView EGX scanner,https://scanner.tradingview.com/egypt/scan,2026-09-25
ARAB,Arab Developers Holding,Stocks,STOCK,TradingView EGX scanner,https://scanner.tradingview.com/egypt/scan,2026-09-25
ARCC,Arabian Cement Company,Stocks,STOCK,TradingView EGX scanner,https://scanner.tradingview.com/egypt/scan,2026-09-25
AREH,Egyptian Real Estate Group,Stocks,STOCK,TradingView EGX scanner,https://scanner.tradingview.com/egypt/scan,2026-09-25
ASCM,ASEC Co. for Mining,Stocks,STOCK,TradingView EGX scanner,https://scanner.tradingview.com/egypt/scan,2026-09-25
ASPI,Aspire Capital Holding for Financial Investments,Stocks,STOCK,TradingView EGX scanner,https://scanner.tradingview.com/egypt/scan,2026-09-25
ATLC,Al Tawfeek Leasing Company-A.T.LEASE,Stocks,STOCK,TradingView EGX scanner,https://scanner.tradingview.com/egypt/scan,2026-09-25
ATQA,Misr National Steel,Stocks,STOCK,TradingView EGX scanner,https://scanner.tradingview.com/egypt/scan,2026-09-25
AXPH,Alexandria Company for Pharmaceuticals and Chemical Industries,Stocks,STOCK,TradingView EGX scanner,https://scanner.tradingview.com/egypt/scan,2026-09-25
BIDI,El Badr Investment and Development - BID,Stocks,STOCK,TradingView EGX scanner,https://scanner.tradingview.com/egypt/scan,2026-09-25
BIGP,ElBarbary Investment Group,Stocks,STOCK,TradingView EGX scanner,https://scanner.tradingview.com/egypt/scan,2026-09-25
BINV,B Investments Holding SAE,Stocks,STOCK,TradingView EGX scanner,https://scanner.tradingview.com/egypt/scan,2026-09-25
BIOC,GlaxoSmithKline S.A.E.,Stocks,STOCK,TradingView EGX scanner,https://scanner.tradingview.com/egypt/scan,2026-09-25
BONY,Bonyan for Development and Trade,Stocks,STOCK,TradingView EGX scanner,https://scanner.tradingview.com/egypt/scan,2026-09-25
BTFH,Beltone Holding,Stocks,STOCK,TradingView EGX scanner,https://scanner.tradingview.com/egypt/scan,2026-09-25
CAED,Cairo Educational Services,Stocks,STOCK,TradingView EGX scanner,https://scanner.tradingview.com/egypt/scan,2026-09-25
CANA,Suez Canal Bank SAE,Stocks,STOCK,TradingView EGX scanner,https://scanner.tradingview.com/egypt/scan,2026-09-25
CCAP,QALA For Financial Investments,Stocks,STOCK,TradingView EGX scanner,https://scanner.tradingview.com/egypt/scan,2026-09-25
CCRS,Gulf Canadian Real Estate Investment Co.,Stocks,STOCK,TradingView EGX scanner,https://scanner.tradingview.com/egypt/scan,2026-09-25
CEFM,Middle Egypt Flour Mills,Stocks,STOCK,TradingView EGX scanner,https://scanner.tradingview.com/egypt/scan,2026-09-25
CERA,Arab Ceramic Co. - Ceramica Remas,Stocks,STOCK,TradingView EGX scanner,https://scanner.tradingview.com/egypt/scan,2026-09-25
CFGH,Concrete Fashion Group for Commercial and Industrial Investments S.A.E,Stocks,STOCK,TradingView EGX scanner,https://scanner.tradingview.com/egypt/scan,2026-09-25
CICH,CI Capital Holding for Financial Investments,Stocks,STOCK,TradingView EGX scanner,https://scanner.tradingview.com/egypt/scan,2026-09-25
CID,Chemical Development Industries (CID),Stocks,STOCK,TradingView EGX scanner,https://scanner.tradingview.com/egypt/scan,2026-09-25
CIEB,Credit Agricole Egypt,Stocks,STOCK,TradingView EGX scanner,https://scanner.tradingview.com/egypt/scan,2026-09-25
CIRA,Cairo For Investment And Real Estate Developments -CIRA Education,Stocks,STOCK,TradingView EGX scanner,https://scanner.tradingview.com/egypt/scan,2026-09-25
CLHO,Cleopatra Hospital Company,Stocks,STOCK,TradingView EGX scanner,https://scanner.tradingview.com/egypt/scan,2026-09-25
CNFN,Contact Financial Holding SAE,Stocks,STOCK,TradingView EGX scanner,https://scanner.tradingview.com/egypt/scan,2026-09-25
COMI,Commercial International Bank - Egypt (CIB) S.A.E.,Stocks,STOCK,TradingView EGX scanner,https://scanner.tradingview.com/egypt/scan,2026-09-25
COPR,Cooper for Commercial Investment & Real Estate Development,Stocks,STOCK,TradingView EGX scanner,https://scanner.tradingview.com/egypt/scan,2026-09-25
COSG,Cairo Oils & Soap,Stocks,STOCK,TradingView EGX scanner,https://scanner.tradingview.com/egypt/scan,2026-09-25
CPCI,Kahira Pharmaceuticals & Chemical Industries Co.,Stocks,STOCK,TradingView EGX scanner,https://scanner.tradingview.com/egypt/scan,2026-09-25
CPME,Catalyst Partners Middle East,Stocks,STOCK,TradingView EGX scanner,https://scanner.tradingview.com/egypt/scan,2026-09-25
CRST,Creast Mark For Contracting And Real Estate Development,Stocks,STOCK,TradingView EGX scanner,https://scanner.tradingview.com/egypt/scan,2026-09-25
CSAG,Canal Shipping Agencies Co.,Stocks,STOCK,TradingView EGX scanner,https://scanner.tradingview.com/egypt/scan,2026-09-25
DAPH,Development & Engineering Consultants,Stocks,STOCK,TradingView EGX scanner,https://scanner.tradingview.com/egypt/scan,2026-09-25
DCCC,Damietta Container and Cargo Handling,Stocks,STOCK,TradingView EGX scanner,https://scanner.tradingview.com/egypt/scan,2026-09-25
DCRC,Delta Construction & Rebuilding Co.,Stocks,STOCK,TradingView EGX scanner,https://scanner.tradingview.com/egypt/scan,2026-09-25
DEIN,Delta Insurance,Stocks,STOCK,TradingView EGX scanner,https://scanner.tradingview.com/egypt/scan,2026-09-25
DGTZ,Digitize for Investment And Technology,Stocks,STOCK,TradingView EGX scanner,https://scanner.tradingview.com/egypt/scan,2026-09-25
DOMT,Arabian Food Industries Co.,Stocks,STOCK,TradingView EGX scanner,https://scanner.tradingview.com/egypt/scan,2026-09-25
DSCW,Dice Sports & Casual Wear Manufacturers SAE,Stocks,STOCK,TradingView EGX scanner,https://scanner.tradingview.com/egypt/scan,2026-09-25
DTPP,Delta for Printing & Packaging,Stocks,STOCK,TradingView EGX scanner,https://scanner.tradingview.com/egypt/scan,2026-09-25
EALR,El Arabia for Land Reclamation,Stocks,STOCK,TradingView EGX scanner,https://scanner.tradingview.com/egypt/scan,2026-09-25
EASB,Egyptian Arabian Company for Securities Brokerage EAC,Stocks,STOCK,TradingView EGX scanner,https://scanner.tradingview.com/egypt/scan,2026-09-25
EAST,Eastern Company,Stocks,STOCK,TradingView EGX scanner,https://scanner.tradingview.com/egypt/scan,2026-09-25
EBSC,Osool ESB Securities Brokerage,Stocks,STOCK,TradingView EGX scanner,https://scanner.tradingview.com/egypt/scan,2026-09-25
ECAP,El Ezz Ceramics & Porcelain Co. (Gemma),Stocks,STOCK,TradingView EGX scanner,https://scanner.tradingview.com/egypt/scan,2026-09-25
EDFM,East Delta Flour Mills Co.,Stocks,STOCK,TradingView EGX scanner,https://scanner.tradingview.com/egypt/scan,2026-09-25
EEII,El Arabia Engineering Industries,Stocks,STOCK,TradingView EGX scanner,https://scanner.tradingview.com/egypt/scan,2026-09-25
EEP,Egypt Education Platform - EEP,Stocks,STOCK,TradingView EGX scanner,https://scanner.tradingview.com/egypt/scan,2026-09-25
EFAC,Egyptian Ferro All Egp10,Stocks,STOCK,TradingView EGX scanner,https://scanner.tradingview.com/egypt/scan,2026-09-25
EFIC,Egyptian Financial & Industrial Co.,Stocks,STOCK,TradingView EGX scanner,https://scanner.tradingview.com/egypt/scan,2026-09-25
EFID,Edita Food Industries SAE,Stocks,STOCK,TradingView EGX scanner,https://scanner.tradingview.com/egypt/scan,2026-09-25
EFIH,e-finance for Digital and Financial Investments S.A.E.,Stocks,STOCK,TradingView EGX scanner,https://scanner.tradingview.com/egypt/scan,2026-09-25
EGAL,Egypt Aluminum,Stocks,STOCK,TradingView EGX scanner,https://scanner.tradingview.com/egypt/scan,2026-09-25
EGAS,Egypt Gas Co.,Stocks,STOCK,TradingView EGX scanner,https://scanner.tradingview.com/egypt/scan,2026-09-25
EGBE,Egyptian Gulf Bank,Stocks,STOCK,TradingView EGX scanner,https://scanner.tradingview.com/egypt/scan,2026-09-25
EGCH,Egyptian Chemical Industries,Stocks,STOCK,TradingView EGX scanner,https://scanner.tradingview.com/egypt/scan,2026-09-25
EGOTH,El Masreyah Touris Egp100,Stocks,STOCK,TradingView EGX scanner,https://scanner.tradingview.com/egypt/scan,2026-09-25
EGREF,Egyptians Real Estate Fund,Stocks,STOCK,TradingView EGX scanner,https://scanner.tradingview.com/egypt/scan,2026-09-25
EGS30AJ1C016-EGP,International Dry Ice Co.,Stocks,STOCK,TradingView EGX scanner,https://scanner.tradingview.com/egypt/scan,2026-09-25
EGS370O1C013,National Printing,Stocks,STOCK,TradingView EGX scanner,https://scanner.tradingview.com/egypt/scan,2026-09-25
EGS3E071C013-EGP,Acrow Misr,Stocks,STOCK,TradingView EGX scanner,https://scanner.tradingview.com/egypt/scan,2026-09-25
EGS3I0S1C019,Future Care For Medical Industries,Stocks,STOCK,TradingView EGX scanner,https://scanner.tradingview.com/egypt/scan,2026-09-25
EGS48271C018-EGP,Egypt - South Africa for Communication,Stocks,STOCK,TradingView EGX scanner,https://scanner.tradingview.com/egypt/scan,2026-09-25
EGS65101C015,National Investment & Reconstruction,Stocks,STOCK,TradingView EGX scanner,https://scanner.tradingview.com/egypt/scan,2026-09-25
EGS65621C012,El Nasr Housing & Egp5,Stocks,STOCK,TradingView EGX scanner,https://scanner.tradingview.com/egypt/scan,2026-09-25
EGS65861C014,Egyptian Contracting Co.-AL- ABD,Stocks,STOCK,TradingView EGX scanner,https://scanner.tradingview.com/egypt/scan,2026-09-25
EGS659O1C015,Misr Kuwait Investment & Trading Co.,Stocks,STOCK,TradingView EGX scanner,https://scanner.tradingview.com/egypt/scan,2026-09-25
EGS72L31C011,SOLARSOL For Energy,Stocks,STOCK,TradingView EGX scanner,https://scanner.tradingview.com/egypt/scan,2026-09-25
EGSA,Egyptian Satellite Co.,Stocks,STOCK,TradingView EGX scanner,https://scanner.tradingview.com/egypt/scan,2026-09-25
EGTS,Egyptian for Tourism Resorts,Stocks,STOCK,TradingView EGX scanner,https://scanner.tradingview.com/egypt/scan,2026-09-25
EGWA,General Warehouses of Egypt,Stocks,STOCK,TradingView EGX scanner,https://scanner.tradingview.com/egypt/scan,2026-09-25
EITP,Egyptian International Tourism Projects,Stocks,STOCK,TradingView EGX scanner,https://scanner.tradingview.com/egypt/scan,2026-09-25
ELAB,Egyptian Linear Alkyl Benzene Company,Stocks,STOCK,TradingView EGX scanner,https://scanner.tradingview.com/egypt/scan,2026-09-25
ELEC,Electro Cable Egypt,Stocks,STOCK,TradingView EGX scanner,https://scanner.tradingview.com/egypt/scan,2026-09-25
ELKA,El Kahera Housing,Stocks,STOCK,TradingView EGX scanner,https://scanner.tradingview.com/egypt/scan,2026-09-25
ELNA,El Nasr for Manufacturing Agricultural Crops,Stocks,STOCK,TradingView EGX scanner,https://scanner.tradingview.com/egypt/scan,2026-09-25
ELSH,El-Shams Housing & Development SA,Stocks,STOCK,TradingView EGX scanner,https://scanner.tradingview.com/egypt/scan,2026-09-25
ELWA,Elwadi for International Investment & Development,Stocks,STOCK,TradingView EGX scanner,https://scanner.tradingview.com/egypt/scan,2026-09-25
EMFD,Emaar Misr for Development SAE,Stocks,STOCK,TradingView EGX scanner,https://scanner.tradingview.com/egypt/scan,2026-09-25
ENGC,Industrial Engineering Co. for Construction & Development,Stocks,STOCK,TradingView EGX scanner,https://scanner.tradingview.com/egypt/scan,2026-09-25
ENPI,Engineering for the Petroleum and Process Industries,Stocks,STOCK,TradingView EGX scanner,https://scanner.tradingview.com/egypt/scan,2026-09-25
EOSB,El Orouba Securities Brokerage,Stocks,STOCK,TradingView EGX scanner,https://scanner.tradingview.com/egypt/scan,2026-09-25
EPCO,Egypt for Poultry Co.,Stocks,STOCK,TradingView EGX scanner,https://scanner.tradingview.com/egypt/scan,2026-09-25
EPPK,El Ahram Co. for Printing & Packing,Stocks,STOCK,TradingView EGX scanner,https://scanner.tradingview.com/egypt/scan,2026-09-25
ETEL,Telecom Egypt,Stocks,STOCK,TradingView EGX scanner,https://scanner.tradingview.com/egypt/scan,2026-09-25
ETRS,Egyptian Transport And Commercial Services Co. (Egytrans Nosco),Stocks,STOCK,TradingView EGX scanner,https://scanner.tradingview.com/egypt/scan,2026-09-25
EXPA,Export Development Bank of Egypt,Stocks,STOCK,TradingView EGX scanner,https://scanner.tradingview.com/egypt/scan,2026-09-25
FAIT,Faisal Islamic Bank of Egypt,Stocks,STOCK,TradingView EGX scanner,https://scanner.tradingview.com/egypt/scan,2026-09-25
FAITA,Faisal Islamic Bank of Egypt,Stocks,STOCK,TradingView EGX scanner,https://scanner.tradingview.com/egypt/scan,2026-09-25
FERC,Ferchem Misr Co. for Fertilizers & Chemicals,Stocks,STOCK,TradingView EGX scanner,https://scanner.tradingview.com/egypt/scan,2026-09-25
FIRE,First Investment & Real Estate Development,Stocks,STOCK,TradingView EGX scanner,https://scanner.tradingview.com/egypt/scan,2026-09-25
FNAR,Al Fanar Contracting Construction Trade Import & Export Co.,Stocks,STOCK,TradingView EGX scanner,https://scanner.tradingview.com/egypt/scan,2026-09-25
FTNS,Fitness Prime,Stocks,STOCK,TradingView EGX scanner,https://scanner.tradingview.com/egypt/scan,2026-09-25
FWRY,Fawry For Banking Technology And Electronic Payment,Stocks,STOCK,TradingView EGX scanner,https://scanner.tradingview.com/egypt/scan,2026-09-25
GBCO,GB Corp,Stocks,STOCK,TradingView EGX scanner,https://scanner.tradingview.com/egypt/scan,2026-09-25
GDWA,Gadwa For Industrial Development,Stocks,STOCK,TradingView EGX scanner,https://scanner.tradingview.com/egypt/scan,2026-09-25
GEOS,Geos for trading and contracting,Stocks,STOCK,TradingView EGX scanner,https://scanner.tradingview.com/egypt/scan,2026-09-25
GGCC,Giza General Contracting & Real Estate Investment,Stocks,STOCK,TradingView EGX scanner,https://scanner.tradingview.com/egypt/scan,2026-09-25
GGRN,Gogreen for Agricultural Investment and Development Company,Stocks,STOCK,TradingView EGX scanner,https://scanner.tradingview.com/egypt/scan,2026-09-25
GIHD,Gharbia Islamic Housing Development,Stocks,STOCK,TradingView EGX scanner,https://scanner.tradingview.com/egypt/scan,2026-09-25
GMCI,GMC Group for Industrial Commercial & Financial Investments,Stocks,STOCK,TradingView EGX scanner,https://scanner.tradingview.com/egypt/scan,2026-09-25
GOUR,Gourmet Egypt.Com Foods,Stocks,STOCK,TradingView EGX scanner,https://scanner.tradingview.com/egypt/scan,2026-09-25
GPIM,GPI For Urban Growth,Stocks,STOCK,TradingView EGX scanner,https://scanner.tradingview.com/egypt/scan,2026-09-25
GPPL,Golden Pyramids Plaza,Stocks,STOCK,TradingView EGX scanner,https://scanner.tradingview.com/egypt/scan,2026-09-25
GRCA,Grand Investment Capital,Stocks,STOCK,TradingView EGX scanner,https://scanner.tradingview.com/egypt/scan,2026-09-25
GROV,Grova Special Purpose Acquisition Company,Stocks,STOCK,TradingView EGX scanner,https://scanner.tradingview.com/egypt/scan,2026-09-25
GSSC,General Silos & Storage Co.,Stocks,STOCK,TradingView EGX scanner,https://scanner.tradingview.com/egypt/scan,2026-09-25
GTEX,G-TEX for Commercial and Industrial Investments S.A.E,Stocks,STOCK,TradingView EGX scanner,https://scanner.tradingview.com/egypt/scan,2026-09-25
GTHE,Global Telecom Holding S.A.E.,Stocks,STOCK,TradingView EGX scanner,https://scanner.tradingview.com/egypt/scan,2026-09-25
GTWL,Golden Textiles & Clothes Wool,Stocks,STOCK,TradingView EGX scanner,https://scanner.tradingview.com/egypt/scan,2026-09-25
HALN,MNT Tech Holding For Financial Investments,Stocks,STOCK,TradingView EGX scanner,https://scanner.tradingview.com/egypt/scan,2026-09-25
HBCO,Heibco Npv,Stocks,STOCK,TradingView EGX scanner,https://scanner.tradingview.com/egypt/scan,2026-09-25
HDBK,Housing & Development Bank,Stocks,STOCK,TradingView EGX scanner,https://scanner.tradingview.com/egypt/scan,2026-09-25
HDST,HEDGESTONE INVESTMENT,Stocks,STOCK,TradingView EGX scanner,https://scanner.tradingview.com/egypt/scan,2026-09-25
HELI,Heliopolis Housing,Stocks,STOCK,TradingView EGX scanner,https://scanner.tradingview.com/egypt/scan,2026-09-25
HRHO,EFG Holding S.A.E.,Stocks,STOCK,TradingView EGX scanner,https://scanner.tradingview.com/egypt/scan,2026-09-25
IBCT,International Business Corp. for Trading & Agencies,Stocks,STOCK,TradingView EGX scanner,https://scanner.tradingview.com/egypt/scan,2026-09-25
ICFC,International Co. for Fertilizers & Chemicals,Stocks,STOCK,TradingView EGX scanner,https://scanner.tradingview.com/egypt/scan,2026-09-25
ICID,International Company for Investment & Development,Stocks,STOCK,TradingView EGX scanner,https://scanner.tradingview.com/egypt/scan,2026-09-25
ICLE,International Co. for Leasing SAE,Stocks,STOCK,TradingView EGX scanner,https://scanner.tradingview.com/egypt/scan,2026-09-25
IDRE,Ismailia Development & Real Estate Co.,Stocks,STOCK,TradingView EGX scanner,https://scanner.tradingview.com/egypt/scan,2026-09-25
IEEC,Industrial & Engineering Enterprises Co.,Stocks,STOCK,TradingView EGX scanner,https://scanner.tradingview.com/egypt/scan,2026-09-25
IFAP,International Agricultural Products,Stocks,STOCK,TradingView EGX scanner,https://scanner.tradingview.com/egypt/scan,2026-09-25
INEG,Integrated Engineering Group S.A.E,Stocks,STOCK,TradingView EGX scanner,https://scanner.tradingview.com/egypt/scan,2026-09-25
INFI,Ismailia National Food Industries,Stocks,STOCK,TradingView EGX scanner,https://scanner.tradingview.com/egypt/scan,2026-09-25
IRAX,El Ezz Aldekhela Steel-Alexandria,Stocks,STOCK,TradingView EGX scanner,https://scanner.tradingview.com/egypt/scan,2026-09-25
IRON,Egyptian Iron & Steel,Stocks,STOCK,TradingView EGX scanner,https://scanner.tradingview.com/egypt/scan,2026-09-25
ISMA,Ismailia Misr Poultry,Stocks,STOCK,TradingView EGX scanner,https://scanner.tradingview.com/egypt/scan,2026-09-25
ISMQ,Iron & Steel for Mines & Quarries,Stocks,STOCK,TradingView EGX scanner,https://scanner.tradingview.com/egypt/scan,2026-09-25
ISPH,Ibnsina Pharma,Stocks,STOCK,TradingView EGX scanner,https://scanner.tradingview.com/egypt/scan,2026-09-25
JUFO,Juhayna Food Industries,Stocks,STOCK,TradingView EGX scanner,https://scanner.tradingview.com/egypt/scan,2026-09-25
KABO,El Nasr Clothing & Textiles Co.,Stocks,STOCK,TradingView EGX scanner,https://scanner.tradingview.com/egypt/scan,2026-09-25
KNGC,EL- Nasr Glass And Crystal,Stocks,STOCK,TradingView EGX scanner,https://scanner.tradingview.com/egypt/scan,2026-09-25
KORA,KORRA,Stocks,STOCK,TradingView EGX scanner,https://scanner.tradingview.com/egypt/scan,2026-09-25
KRDI,Al Khair River for Development Agriculture Investment and Environmental Services,Stocks,STOCK,TradingView EGX scanner,https://scanner.tradingview.com/egypt/scan,2026-09-25
KWIN,El Kahera El Watania Investment,Stocks,STOCK,TradingView EGX scanner,https://scanner.tradingview.com/egypt/scan,2026-09-25
KZPC,Kafr El Zayat Pesticides & Chemical Co.,Stocks,STOCK,TradingView EGX scanner,https://scanner.tradingview.com/egypt/scan,2026-09-25
LCSW,Lecico Egypt SAE,Stocks,STOCK,TradingView EGX scanner,https://scanner.tradingview.com/egypt/scan,2026-09-25
LKGP,The Holding Company for Financial Investment - The Lakah Group,Stocks,STOCK,TradingView EGX scanner,https://scanner.tradingview.com/egypt/scan,2026-09-25
LUTS,Lotus For Agricultural Investments And Development,Stocks,STOCK,TradingView EGX scanner,https://scanner.tradingview.com/egypt/scan,2026-09-25
MAAL,Marseilla Al Masreia Al Khalegeya for Holding Investment,Stocks,STOCK,TradingView EGX scanner,https://scanner.tradingview.com/egypt/scan,2026-09-25
MASR,Madinet Masr for Housing & Development,Stocks,STOCK,TradingView EGX scanner,https://scanner.tradingview.com/egypt/scan,2026-09-25
MBEG,MB for Engineering & Contracting,Stocks,STOCK,TradingView EGX scanner,https://scanner.tradingview.com/egypt/scan,2026-09-25
MBSC,Misr Beni Suef Cement Co. SAE,Stocks,STOCK,TradingView EGX scanner,https://scanner.tradingview.com/egypt/scan,2026-09-25
MCQE,Misr Cement Co. (Qena),Stocks,STOCK,TradingView EGX scanner,https://scanner.tradingview.com/egypt/scan,2026-09-25
MCRO,Macro Group Pharmaceutical S.A.E.,Stocks,STOCK,TradingView EGX scanner,https://scanner.tradingview.com/egypt/scan,2026-09-25
MEGM,Middle East Glass Manufacturing SAE,Stocks,STOCK,TradingView EGX scanner,https://scanner.tradingview.com/egypt/scan,2026-09-25
MENA,Mena Touristic & Real Estate Investment,Stocks,STOCK,TradingView EGX scanner,https://scanner.tradingview.com/egypt/scan,2026-09-25
MEPA,Medical Packaging Company,Stocks,STOCK,TradingView EGX scanner,https://scanner.tradingview.com/egypt/scan,2026-09-25
MFPC,Misr Fertilizers Production Company MOPCO,Stocks,STOCK,TradingView EGX scanner,https://scanner.tradingview.com/egypt/scan,2026-09-25
MFSC,Misr Duty Free Shops Co.,Stocks,STOCK,TradingView EGX scanner,https://scanner.tradingview.com/egypt/scan,2026-09-25
MHOT,Misr Hotels Co.,Stocks,STOCK,TradingView EGX scanner,https://scanner.tradingview.com/egypt/scan,2026-09-25
MICH,Misr Chemical Industries Ltd.,Stocks,STOCK,TradingView EGX scanner,https://scanner.tradingview.com/egypt/scan,2026-09-25
MILS,North Cairo Mills Co.,Stocks,STOCK,TradingView EGX scanner,https://scanner.tradingview.com/egypt/scan,2026-09-25
MIPH,Minapharm Pharmaceuticals,Stocks,STOCK,TradingView EGX scanner,https://scanner.tradingview.com/egypt/scan,2026-09-25
MISR,MISR Intercontinental for Granite & Marble,Stocks,STOCK,TradingView EGX scanner,https://scanner.tradingview.com/egypt/scan,2026-09-25
MITR,Misr Travel&Touris Egp6,Stocks,STOCK,TradingView EGX scanner,https://scanner.tradingview.com/egypt/scan,2026-09-25
MLIC,Misr Life Insurance,Stocks,STOCK,TradingView EGX scanner,https://scanner.tradingview.com/egypt/scan,2026-09-25
MMAT,Marsa Marsa Alam for Tourism Development,Stocks,STOCK,TradingView EGX scanner,https://scanner.tradingview.com/egypt/scan,2026-09-25
MMHC,El Mamoura Company For Construction & Tourism Development,Stocks,STOCK,TradingView EGX scanner,https://scanner.tradingview.com/egypt/scan,2026-09-25
MOED,Egyptian Modern Education Systems,Stocks,STOCK,TradingView EGX scanner,https://scanner.tradingview.com/egypt/scan,2026-09-25
MOIL,Maridive & Oil Services SAE,Stocks,STOCK,TradingView EGX scanner,https://scanner.tradingview.com/egypt/scan,2026-09-25
MOIN,Mohandes Insurance Co.,Stocks,STOCK,TradingView EGX scanner,https://scanner.tradingview.com/egypt/scan,2026-09-25
MOSC,Misr Oils & Soap Co.,Stocks,STOCK,TradingView EGX scanner,https://scanner.tradingview.com/egypt/scan,2026-09-25
MPCI,Memphis Pharmaceutical & Chemical Industries,Stocks,STOCK,TradingView EGX scanner,https://scanner.tradingview.com/egypt/scan,2026-09-25
MPCO,Mansourah Poultry Co.,Stocks,STOCK,TradingView EGX scanner,https://scanner.tradingview.com/egypt/scan,2026-09-25
MPRC,Egyptian Media Production City,Stocks,STOCK,TradingView EGX scanner,https://scanner.tradingview.com/egypt/scan,2026-09-25
MTIE,MM Group for Industry & International Trade,Stocks,STOCK,TradingView EGX scanner,https://scanner.tradingview.com/egypt/scan,2026-09-25
NAHO,Naeem Holding Co.,Stocks,STOCK,TradingView EGX scanner,https://scanner.tradingview.com/egypt/scan,2026-09-25
NAMI,National Asset Management And Investment,Stocks,STOCK,TradingView EGX scanner,https://scanner.tradingview.com/egypt/scan,2026-09-25
NARE,Naeem Real Estate Holding Group,Stocks,STOCK,TradingView EGX scanner,https://scanner.tradingview.com/egypt/scan,2026-09-25
NBCC,ALNASR For Building And Construction Company,Stocks,STOCK,TradingView EGX scanner,https://scanner.tradingview.com/egypt/scan,2026-09-25
NBKE,National Bank of Kuwait - Egypt,Stocks,STOCK,TradingView EGX scanner,https://scanner.tradingview.com/egypt/scan,2026-09-25
NCCW,Nasr Co. for Civil Works,Stocks,STOCK,TradingView EGX scanner,https://scanner.tradingview.com/egypt/scan,2026-09-25
NCGC,Nile Cotton Ginning,Stocks,STOCK,TradingView EGX scanner,https://scanner.tradingview.com/egypt/scan,2026-09-25
NDRL,National Drilling Co.,Stocks,STOCK,TradingView EGX scanner,https://scanner.tradingview.com/egypt/scan,2026-09-25
NEDA,Northern Upper Egypt Development & Agricultural Production,Stocks,STOCK,TradingView EGX scanner,https://scanner.tradingview.com/egypt/scan,2026-09-25
NFCI,ELNASR Co For Fertilizers And Chemical Industries,Stocks,STOCK,TradingView EGX scanner,https://scanner.tradingview.com/egypt/scan,2026-09-25
NHPS,National Housing for Professional Syndicates,Stocks,STOCK,TradingView EGX scanner,https://scanner.tradingview.com/egypt/scan,2026-09-25
NINH,Nozha International Hospital,Stocks,STOCK,TradingView EGX scanner,https://scanner.tradingview.com/egypt/scan,2026-09-25
NIPH,El-Nile Co. for Pharmaceuticals & Chemical Industries,Stocks,STOCK,TradingView EGX scanner,https://scanner.tradingview.com/egypt/scan,2026-09-25
NMIN,El Nasr Mining Co Egp10,Stocks,STOCK,TradingView EGX scanner,https://scanner.tradingview.com/egypt/scan,2026-09-25
OBRI,El Obour Real Estate Investment,Stocks,STOCK,TradingView EGX scanner,https://scanner.tradingview.com/egypt/scan,2026-09-25
OCAP,OG Capital For Investments SPAC,Stocks,STOCK,TradingView EGX scanner,https://scanner.tradingview.com/egypt/scan,2026-09-25
OCDI,Six of October Development & Investment (SODIC),Stocks,STOCK,TradingView EGX scanner,https://scanner.tradingview.com/egypt/scan,2026-09-25
OCPH,October Pharma Co.,Stocks,STOCK,TradingView EGX scanner,https://scanner.tradingview.com/egypt/scan,2026-09-25
ODIN,ODIN Investments,Stocks,STOCK,TradingView EGX scanner,https://scanner.tradingview.com/egypt/scan,2026-09-25
OFH,O B Financial Holding,Stocks,STOCK,TradingView EGX scanner,https://scanner.tradingview.com/egypt/scan,2026-09-25
OIH,Orascom Investment Holding SAE,Stocks,STOCK,TradingView EGX scanner,https://scanner.tradingview.com/egypt/scan,2026-09-25
OLFI,Obour Land for Food Industries,Stocks,STOCK,TradingView EGX scanner,https://scanner.tradingview.com/egypt/scan,2026-09-25
ORAS,Orascom Construction Plc,Stocks,STOCK,TradingView EGX scanner,https://scanner.tradingview.com/egypt/scan,2026-09-25
ORHD,Orascom Development Egypt (S.A.E),Stocks,STOCK,TradingView EGX scanner,https://scanner.tradingview.com/egypt/scan,2026-09-25
ORWE,Oriental Weavers Carpet,Stocks,STOCK,TradingView EGX scanner,https://scanner.tradingview.com/egypt/scan,2026-09-25
PACH,Paints & Chemical Industries Co.,Stocks,STOCK,TradingView EGX scanner,https://scanner.tradingview.com/egypt/scan,2026-09-25
PHAR,Egyptian International Pharmaceutical Industries Co.,Stocks,STOCK,TradingView EGX scanner,https://scanner.tradingview.com/egypt/scan,2026-09-25
PHDC,Palm Hills Development Co.,Stocks,STOCK,TradingView EGX scanner,https://scanner.tradingview.com/egypt/scan,2026-09-25
PHGC,Premium Healthcare Group,Stocks,STOCK,TradingView EGX scanner,https://scanner.tradingview.com/egypt/scan,2026-09-25
PHTV,Pyramisa Hotels,Stocks,STOCK,TradingView EGX scanner,https://scanner.tradingview.com/egypt/scan,2026-09-25
PMSC,Petroleum Marine Services Company,Stocks,STOCK,TradingView EGX scanner,https://scanner.tradingview.com/egypt/scan,2026-09-25
POCO,Port Said Container And Cargo Handling,Stocks,STOCK,TradingView EGX scanner,https://scanner.tradingview.com/egypt/scan,2026-09-25
POUL,Cairo Poultry Co.,Stocks,STOCK,TradingView EGX scanner,https://scanner.tradingview.com/egypt/scan,2026-09-25
PRCL,General Co. for Ceramic & Porcelain Products,Stocks,STOCK,TradingView EGX scanner,https://scanner.tradingview.com/egypt/scan,2026-09-25
PRDC,Pioneers Properties for Urban Development,Stocks,STOCK,TradingView EGX scanner,https://scanner.tradingview.com/egypt/scan,2026-09-25
PRMH,Prime Holding,Stocks,STOCK,TradingView EGX scanner,https://scanner.tradingview.com/egypt/scan,2026-09-25
QNBE,Qatar National Bank,Stocks,STOCK,TradingView EGX scanner,https://scanner.tradingview.com/egypt/scan,2026-09-25
RACC,Raya Contact Center,Stocks,STOCK,TradingView EGX scanner,https://scanner.tradingview.com/egypt/scan,2026-09-25
RAKT,Rakta Paper Manufacturing,Stocks,STOCK,TradingView EGX scanner,https://scanner.tradingview.com/egypt/scan,2026-09-25
RAYA,Raya Holding for Financial Investments SAE,Stocks,STOCK,TradingView EGX scanner,https://scanner.tradingview.com/egypt/scan,2026-09-25
RKAZ,REKAZ Financial Holding,Stocks,STOCK,TradingView EGX scanner,https://scanner.tradingview.com/egypt/scan,2026-09-25
RMDA,Tenth of Ramadan Pharmaceutical Industries & Diagnostic-Rameda,Stocks,STOCK,TradingView EGX scanner,https://scanner.tradingview.com/egypt/scan,2026-09-25
RMTV,Rowad Misr Tourism Investment,Stocks,STOCK,TradingView EGX scanner,https://scanner.tradingview.com/egypt/scan,2026-09-25
ROTO,Rowad Tourism (Al Rowad) Co,Stocks,STOCK,TradingView EGX scanner,https://scanner.tradingview.com/egypt/scan,2026-09-25
RREI,Arab Real Estate Investment Co.,Stocks,STOCK,TradingView EGX scanner,https://scanner.tradingview.com/egypt/scan,2026-09-25
RTVC,Remco for Touristic Villages Construction,Stocks,STOCK,TradingView EGX scanner,https://scanner.tradingview.com/egypt/scan,2026-09-25
RUBX,Rubex International for Plastic & Acrylic Manufacturing,Stocks,STOCK,TradingView EGX scanner,https://scanner.tradingview.com/egypt/scan,2026-09-25
SAIB,Societe Arabe Internationale de Banque,Stocks,STOCK,TradingView EGX scanner,https://scanner.tradingview.com/egypt/scan,2026-09-25
SAUD,Al Baraka Bank Egypt,Stocks,STOCK,TradingView EGX scanner,https://scanner.tradingview.com/egypt/scan,2026-09-25
SCEM,Sinai Cement Co.,Stocks,STOCK,TradingView EGX scanner,https://scanner.tradingview.com/egypt/scan,2026-09-25
SCFM,South Cairo & Giza Mills & Bakeries,Stocks,STOCK,TradingView EGX scanner,https://scanner.tradingview.com/egypt/scan,2026-09-25
SCTS,Sues Canal Co. for Technology Settling,Stocks,STOCK,TradingView EGX scanner,https://scanner.tradingview.com/egypt/scan,2026-09-25
SDTI,Sharm Dreams Co. for Tourism Investment,Stocks,STOCK,TradingView EGX scanner,https://scanner.tradingview.com/egypt/scan,2026-09-25
SEIG,Saudi Egyptian Investment & Finance Co. SAE,Stocks,STOCK,TradingView EGX scanner,https://scanner.tradingview.com/egypt/scan,2026-09-25
SEIGA,Saudi Egyptian Investment & Finance Co. SAE,Stocks,STOCK,TradingView EGX scanner,https://scanner.tradingview.com/egypt/scan,2026-09-25
SIEG,Egyptian Company for Pipes and Cement Products -Siegwart,Stocks,STOCK,TradingView EGX scanner,https://scanner.tradingview.com/egypt/scan,2026-09-25
SINA,Sinai Manganese Company,Stocks,STOCK,TradingView EGX scanner,https://scanner.tradingview.com/egypt/scan,2026-09-25
SIPC,Sabaa International Company for Pharmaceutial and Chemical Industry,Stocks,STOCK,TradingView EGX scanner,https://scanner.tradingview.com/egypt/scan,2026-09-25
SKPC,Sidi Kerir Petrochemicals,Stocks,STOCK,TradingView EGX scanner,https://scanner.tradingview.com/egypt/scan,2026-09-25
SMFR,Samad Misr-EGYFERT,Stocks,STOCK,TradingView EGX scanner,https://scanner.tradingview.com/egypt/scan,2026-09-25
SMPP,Modern Shorouk Printing & Packaging,Stocks,STOCK,TradingView EGX scanner,https://scanner.tradingview.com/egypt/scan,2026-09-25
SNFC,Sharkia National Food,Stocks,STOCK,TradingView EGX scanner,https://scanner.tradingview.com/egypt/scan,2026-09-25
SNFI,Souhag National Food Industries,Stocks,STOCK,TradingView EGX scanner,https://scanner.tradingview.com/egypt/scan,2026-09-25
SPHT,El Shams Pyramids Co. for Hotels & Touristic Projects SAE,Stocks,STOCK,TradingView EGX scanner,https://scanner.tradingview.com/egypt/scan,2026-09-25
SPIN,Alexandria Spinning & Weaving,Stocks,STOCK,TradingView EGX scanner,https://scanner.tradingview.com/egypt/scan,2026-09-25
SPMD,Speed Medical SAE,Stocks,STOCK,TradingView EGX scanner,https://scanner.tradingview.com/egypt/scan,2026-09-25
SUCE,Suez Cement Co.,Stocks,STOCK,TradingView EGX scanner,https://scanner.tradingview.com/egypt/scan,2026-09-25
SUGR,Delta Sugar,Stocks,STOCK,TradingView EGX scanner,https://scanner.tradingview.com/egypt/scan,2026-09-25
SVCE,South Valley Cement Co.,Stocks,STOCK,TradingView EGX scanner,https://scanner.tradingview.com/egypt/scan,2026-09-25
SWDY,El Sewedy Electric Company,Stocks,STOCK,TradingView EGX scanner,https://scanner.tradingview.com/egypt/scan,2026-09-25
TALM,Taaleem Management Services S.A.E,Stocks,STOCK,TradingView EGX scanner,https://scanner.tradingview.com/egypt/scan,2026-09-25
TANM,Tanmiya for Real Estate Investment,Stocks,STOCK,TradingView EGX scanner,https://scanner.tradingview.com/egypt/scan,2026-09-25
TAQA,TAQA Arabia,Stocks,STOCK,TradingView EGX scanner,https://scanner.tradingview.com/egypt/scan,2026-09-25
TMGH,Talaat Moustafa Group Holding,Stocks,STOCK,TradingView EGX scanner,https://scanner.tradingview.com/egypt/scan,2026-09-25
TORA,Tourah Cement Co,Stocks,STOCK,TradingView EGX scanner,https://scanner.tradingview.com/egypt/scan,2026-09-25
TOUR,Tourism Urbanization,Stocks,STOCK,TradingView EGX scanner,https://scanner.tradingview.com/egypt/scan,2026-09-25
TRTO,TransOceans Tours,Stocks,STOCK,TradingView EGX scanner,https://scanner.tradingview.com/egypt/scan,2026-09-25
TWSA,Tawasoa Factoring,Stocks,STOCK,TradingView EGX scanner,https://scanner.tradingview.com/egypt/scan,2026-09-25
TYCN,Tycoon Holding Company For Financial Investments,Stocks,STOCK,TradingView EGX scanner,https://scanner.tradingview.com/egypt/scan,2026-09-25
UBEE,United Bank SAE,Stocks,STOCK,TradingView EGX scanner,https://scanner.tradingview.com/egypt/scan,2026-09-25
UEFM,Upper Egypt Flour Mills Co.,Stocks,STOCK,TradingView EGX scanner,https://scanner.tradingview.com/egypt/scan,2026-09-25
UEGC,El-Saeed Contracting & Real Estate Investment Co. SCCD,Stocks,STOCK,TradingView EGX scanner,https://scanner.tradingview.com/egypt/scan,2026-09-25
UNIP,Universal Co. for Paper & Packaging Materials-Unipack,Stocks,STOCK,TradingView EGX scanner,https://scanner.tradingview.com/egypt/scan,2026-09-25
UNIT,United Housing Construction SA,Stocks,STOCK,TradingView EGX scanner,https://scanner.tradingview.com/egypt/scan,2026-09-25
UPMS,Union Pharmacist Company For Medical Services And Investment,Stocks,STOCK,TradingView EGX scanner,https://scanner.tradingview.com/egypt/scan,2026-09-25
UTOP,Utopia Real Estate Investment & Tourism SAE,Stocks,STOCK,TradingView EGX scanner,https://scanner.tradingview.com/egypt/scan,2026-09-25
VALU,U Consumer Finance S.A.E,Stocks,STOCK,TradingView EGX scanner,https://scanner.tradingview.com/egypt/scan,2026-09-25
VERT,Vertika for Industry & Trade,Stocks,STOCK,TradingView EGX scanner,https://scanner.tradingview.com/egypt/scan,2026-09-25
VLMR,Valmore Holding,Stocks,STOCK,TradingView EGX scanner,https://scanner.tradingview.com/egypt/scan,2026-09-25
VLMRA,Valmore Holding,Stocks,STOCK,TradingView EGX scanner,https://scanner.tradingview.com/egypt/scan,2026-09-25
WATP,Modern Co. for Water Proofing,Stocks,STOCK,TradingView EGX scanner,https://scanner.tradingview.com/egypt/scan,2026-09-25
WCDF,Middle & West Delta Flour Mills Co.,Stocks,STOCK,TradingView EGX scanner,https://scanner.tradingview.com/egypt/scan,2026-09-25
WKOL,Wadi Kom Ombo Land Reclamation,Stocks,STOCK,TradingView EGX scanner,https://scanner.tradingview.com/egypt/scan,2026-09-25
YAYT,Spring & Transportation Needs Manufacturing Co.,Stocks,STOCK,TradingView EGX scanner,https://scanner.tradingview.com/egypt/scan,2026-09-25
ZEOT,Extracted Oils & Derivatives Co.,Stocks,STOCK,TradingView EGX scanner,https://scanner.tradingview.com/egypt/scan,2026-09-25
ZMID,Zahraa Maadi Investment & Development,Stocks,STOCK,TradingView EGX scanner,https://scanner.tradingview.com/egypt/scan,2026-09-25
MTF,Misr Takaful Fund (Sharia),Fund,FUND.FIXED_INCOME,Thndr Help Center,https://support.thndr.app/en/articles/651226-mutual-fund-cutoff-times,2026-09-25
AZS,AZ Savings Fund,Fund,FUND.FIXED_INCOME,Thndr Help Center,https://support.thndr.app/en/articles/651226-mutual-fund-cutoff-times,2026-09-25
AZN,AZ Nasser Fund,Fund,FUND.FIXED_INCOME,Thndr Help Center,https://support.thndr.app/en/articles/651226-mutual-fund-cutoff-times,2026-09-25
BSC,B-Secure Fund,Fund,FUND.FIXED_INCOME,Thndr Help Center,https://support.thndr.app/en/articles/651226-mutual-fund-cutoff-times,2026-09-25
ADM,Diamond Fund,Fund,FUND.FIXED_INCOME,Thndr Help Center,https://support.thndr.app/en/articles/651226-mutual-fund-cutoff-times,2026-09-25
PGM,GIG Money Market,Fund,FUND.FIXED_INCOME,Thndr Help Center,https://support.thndr.app/en/articles/651226-mutual-fund-cutoff-times,2026-09-25
PCM,Cashy Fund,Fund,FUND.FIXED_INCOME,Thndr Help Center,https://support.thndr.app/en/articles/651226-mutual-fund-cutoff-times,2026-09-25
ZST,Zaldi Star Fund,Fund,FUND.FIXED_INCOME,Thndr Help Center,https://support.thndr.app/en/articles/651226-mutual-fund-cutoff-times,2026-09-25
CCS,CC Stream Fund,Fund,FUND.FIXED_INCOME,Thndr Help Center,https://support.thndr.app/en/articles/651226-mutual-fund-cutoff-times,2026-09-25
ATD,Tamayoz Dividends Fund,Fund,FUND.FIXED_INCOME,Thndr Help Center,https://support.thndr.app/en/articles/651226-mutual-fund-cutoff-times,2026-09-25
AAF,Afaaq Fund,Fund,FUND.FIXED_INCOME,Thndr Help Center,https://support.thndr.app/en/articles/651226-mutual-fund-cutoff-times,2026-09-25
AEF,El Fanar Fund,Fund,FUND.FIXED_INCOME,Thndr Help Center,https://support.thndr.app/en/articles/651226-mutual-fund-cutoff-times,2026-09-25
ABR,Bareeq Fund,Fund,FUND.FIXED_INCOME,Thndr Help Center,https://support.thndr.app/en/articles/651226-mutual-fund-cutoff-times,2026-09-25
AIS,Istsmar w Aman Fund,Fund,FUND.FIXED_INCOME,Thndr Help Center,https://support.thndr.app/en/articles/651226-mutual-fund-cutoff-times,2026-09-25
GRA,Granite Fund,Fund,FUND.FIXED_INCOME,Thndr Help Center,https://support.thndr.app/en/articles/651226-mutual-fund-cutoff-times,2026-09-25
AIM,Iskan Fund,Fund,FUND.FIXED_INCOME,Thndr Help Center,https://support.thndr.app/en/articles/651226-mutual-fund-cutoff-times,2026-09-25
AGO,Gosoor Fund,Fund,FUND.EQUITY,Thndr Help Center,https://support.thndr.app/en/articles/651226-mutual-fund-cutoff-times,2026-09-25
CCM,Cairo Capital Momentum Fund,Fund,FUND.EQUITY,Thndr Help Center,https://support.thndr.app/en/articles/651226-mutual-fund-cutoff-times,2026-09-25
CI30,CI EGX30 Cap Index Fund,Fund,FUND.EQUITY,Thndr Help Center,https://support.thndr.app/en/articles/651226-mutual-fund-cutoff-times,2026-09-25
CMS,CI Misr Sharia Equity Fund,Fund,FUND.EQUITY,Thndr Help Center,https://support.thndr.app/en/articles/651226-mutual-fund-cutoff-times,2026-09-25
CIP,CI IPOs Fund,Fund,FUND.EQUITY,Thndr Help Center,https://support.thndr.app/en/articles/651226-mutual-fund-cutoff-times,2026-09-25
CTQ,CI The Quant Fund,Fund,FUND.EQUITY,Thndr Help Center,https://support.thndr.app/en/articles/651226-mutual-fund-cutoff-times,2026-09-25
C20,CI 20HD Fund,Fund,FUND.EQUITY,Thndr Help Center,https://support.thndr.app/en/articles/651226-mutual-fund-cutoff-times,2026-09-25
CRE,CI Real Estate Fund,Fund,FUND.OTHER,Thndr Help Center,https://support.thndr.app/en/articles/651226-mutual-fund-cutoff-times,2026-09-25
CTI,CI Telecoms & IT Fund,Fund,FUND.EQUITY,Thndr Help Center,https://support.thndr.app/en/articles/651226-mutual-fund-cutoff-times,2026-09-25
CEX,CI Exporters Fund,Fund,FUND.EQUITY,Thndr Help Center,https://support.thndr.app/en/articles/651226-mutual-fund-cutoff-times,2026-09-25
CCB,CI Consumer & Basic Needs Fund,Fund,FUND.EQUITY,Thndr Help Center,https://support.thndr.app/en/articles/651226-mutual-fund-cutoff-times,2026-09-25
CFF,CI Financial & Fintech Fund,Fund,FUND.EQUITY,Thndr Help Center,https://support.thndr.app/en/articles/651226-mutual-fund-cutoff-times,2026-09-25
BWA,Beltone Wafra Fund,Fund,FUND.EQUITY,Thndr Help Center,https://support.thndr.app/en/articles/651226-mutual-fund-cutoff-times,2026-09-25
BMM,Beltone Meya Meya Fund,Fund,FUND.EQUITY,Thndr Help Center,https://support.thndr.app/en/articles/651226-mutual-fund-cutoff-times,2026-09-25
BAL,Beltone B-Alpha Fund,Fund,FUND.EQUITY,Thndr Help Center,https://support.thndr.app/en/articles/651226-mutual-fund-cutoff-times,2026-09-25
B35,Beltone B35 Fund,Fund,FUND.EQUITY,Thndr Help Center,https://support.thndr.app/en/articles/651226-mutual-fund-cutoff-times,2026-09-25
B70,Beltone EGX70 Fund,Fund,FUND.EQUITY,Thndr Help Center,https://support.thndr.app/en/articles/651226-mutual-fund-cutoff-times,2026-09-25
BIN,Beltone Industrial Fund,Fund,FUND.EQUITY,Thndr Help Center,https://support.thndr.app/en/articles/651226-mutual-fund-cutoff-times,2026-09-25
BRE,Beltone Real Estate Fund,Fund,FUND.OTHER,Thndr Help Center,https://support.thndr.app/en/articles/651226-mutual-fund-cutoff-times,2026-09-25
BCO,Beltone Consumer Fund,Fund,FUND.EQUITY,Thndr Help Center,https://support.thndr.app/en/articles/651226-mutual-fund-cutoff-times,2026-09-25
BFI,Beltone Financial Fund,Fund,FUND.EQUITY,Thndr Help Center,https://support.thndr.app/en/articles/651226-mutual-fund-cutoff-times,2026-09-25
BFF,Banque du Caire First Fund,Fund,FUND.EQUITY,Thndr Help Center,https://support.thndr.app/en/articles/651226-mutual-fund-cutoff-times,2026-09-25
NCS,NI Capital Sahmy EGX70 Fund,Fund,FUND.EQUITY,Thndr Help Center,https://support.thndr.app/en/articles/651226-mutual-fund-cutoff-times,2026-09-25
T70,Thndr EGX70 Fund,Fund,FUND.EQUITY,Thndr Help Center,https://support.thndr.app/en/articles/651226-mutual-fund-cutoff-times,2026-09-25
NMF,NAEEM Misr Investment Fund,Fund,FUND.EQUITY,Thndr Help Center,https://support.thndr.app/en/articles/651226-mutual-fund-cutoff-times,2026-09-25
AZO,AZ Opportunities Fund,Fund,FUND.EQUITY,Thndr Help Center,https://support.thndr.app/en/articles/651226-mutual-fund-cutoff-times,2026-09-25
ASO,AZ Opportunities Sharia Fund,Fund,FUND.EQUITY,Thndr Help Center,https://support.thndr.app/en/articles/651226-mutual-fund-cutoff-times,2026-09-25
ALV,AZ LV Fund,Fund,FUND.EQUITY,Thndr Help Center,https://support.thndr.app/en/articles/651226-mutual-fund-cutoff-times,2026-09-25
NAM,NBK Al-Mizan Fund,Fund,FUND.EQUITY,Thndr Help Center,https://support.thndr.app/en/articles/651226-mutual-fund-cutoff-times,2026-09-25
ZEM,Zaldi Elmasry Fund,Fund,FUND.EQUITY,Thndr Help Center,https://support.thndr.app/en/articles/651226-mutual-fund-cutoff-times,2026-09-25
AKO,Kenz Opportunity Fund,Fund,FUND.EQUITY,Thndr Help Center,https://support.thndr.app/en/articles/651226-mutual-fund-cutoff-times,2026-09-25
AKS,Kenz Sharia Fund,Fund,FUND.EQUITY,Thndr Help Center,https://support.thndr.app/en/articles/651226-mutual-fund-cutoff-times,2026-09-25
OTR,Odin Trend Fund,Fund,FUND.EQUITY,Thndr Help Center,https://support.thndr.app/en/articles/651226-mutual-fund-cutoff-times,2026-09-25
BCU,B-Couponat Fund,Fund,FUND.EQUITY,Thndr Help Center,https://support.thndr.app/en/articles/651226-mutual-fund-cutoff-times,2026-09-25
BYA,B-Yawmy Fund,Fund,FUND.EQUITY,Thndr Help Center,https://support.thndr.app/en/articles/651226-mutual-fund-cutoff-times,2026-09-25
AZG,AZ Gold Fund,Fund,FUND.GOLD,Thndr Help Center,https://support.thndr.app/en/articles/651226-mutual-fund-cutoff-times,2026-09-25
ADA,Al Ahly Dahab Fund,Fund,FUND.GOLD,Thndr Help Center,https://support.thndr.app/en/articles/651226-mutual-fund-cutoff-times,2026-09-25
BSB,Beltone Sabayek Gold Fund,Fund,FUND.GOLD,Thndr Help Center,https://support.thndr.app/en/articles/651226-mutual-fund-cutoff-times,2026-09-25
CGO,CI Gold Fund,Fund,FUND.GOLD,Thndr Help Center,https://support.thndr.app/en/articles/651226-mutual-fund-cutoff-times,2026-09-25
BFA,Beltone Fadda Fund,Fund,FUND.OTHER,Thndr Help Center,https://support.thndr.app/en/articles/651226-mutual-fund-cutoff-times,2026-09-25
MSI,Mubasher Silver Fund,Fund,FUND.OTHER,Thndr Help Center,https://support.thndr.app/en/articles/651226-mutual-fund-cutoff-times,2026-09-25
